{"qM6UiRnQf58GszGkAZ4D+w==":"tnc-96x100.png","or95RYYyBNsR/JrAHc7WmQ==":"tnc_paper-612x393.jpg","t6uWeIGvsT5TPqJxXPO28w==":"mbr-170x170.png","jTisoy2BtWswvlyF4Pkkrg==":"mbr-170x113.jpg","opUl+ygDfocXaWqy2Vtopw==":"mbr-1-170x170.png","vFMksaWhISudLHfW99V8Og==":"mbr-2-170x170.png","YHoaE2O9arrdpakI+ebMtQ==":"mbr-170x144.jpg","BIroagsf6+JXV6HPW5yUZg==":"mbr-3-170x170.png","/w2tdVKR7O7j1ni5BKW4qw==":"mbr-703x497.jpg","bfjjlYxfFJ6X+eLOpgbhbA==":"mbr-1-703x497.jpg","9BjsXWuoAKEtKGyClS9kBw==":"ocr-450x360.jpg"}